letter,0,1,2,3,4,5,6,7,8,9,10,11,12,13,14,15,16,17,18,19
A,55, 115, 152, 183, 126, 152, 118, 88, 113, 141, 100, 66, 102, 129, 83, 49, 98, 116, 80, 53
A,55, 114, 152, 183, 127, 152, 118, 89, 113, 142, 98, 64, 103, 127, 81, 48, 97, 115, 80, 54
A,55, 115, 151, 183, 126, 152, 120, 91, 113, 142, 100, 66, 102, 127, 81, 48, 97, 114, 79, 54
A,53, 113, 150, 182, 126, 152, 118, 90, 111, 140, 96, 62, 102, 126, 79, 47, 97, 114, 80, 54
A,53, 114, 150, 181, 125, 151, 119, 90, 112, 139, 96, 63, 102, 126, 79, 46, 97, 114, 79, 53
A,55, 115, 151, 182, 125, 151, 117, 87, 112, 139, 97, 64, 101, 127, 82, 49, 97, 114, 79, 54
A,52, 112, 149, 178, 124, 148, 114, 85, 111, 138, 95, 62, 101, 125, 79, 45, 97, 112, 76, 49
A,53, 111, 146, 177, 124, 148, 114, 86, 110, 135, 93, 60, 99, 121, 75, 43, 92, 108, 73, 47
A,52, 112, 149, 179, 123, 148, 114, 85, 111, 137, 94, 62, 101, 126, 81, 49, 97, 112, 77, 52
A,54, 113, 150, 180, 122, 148, 114, 86, 109, 136, 95, 62, 99, 125, 78, 47, 94, 111, 76, 51
A,53, 111, 146, 177, 121, 147, 115, 87, 107, 136, 94, 62, 97, 122, 77, 44, 92, 110, 76, 50
A,52, 111, 147, 178, 123, 147, 113, 85, 108, 136, 94, 62, 98, 122, 77, 45, 94, 111, 78, 53
A,52, 109, 146, 175, 121, 144, 111, 83, 109, 133, 93, 61, 98, 122, 78, 47, 93, 109, 75, 50
A,51, 109, 144, 175, 121, 145, 112, 84, 107, 134, 93, 63, 98, 119, 75, 44, 92, 108, 74, 50
A,52, 110, 144, 174, 119, 145, 111, 84, 106, 133, 92, 60, 97, 122, 77, 46, 93, 110, 76, 51
A,51, 108, 143, 173, 119, 143, 109, 82, 106, 131, 90, 59, 97, 121, 75, 44, 93, 108, 74, 49
A,50, 107, 141, 171, 118, 142, 110, 83, 105, 132, 90, 58, 96, 119, 75, 43, 92, 108, 74, 49
A,50, 108, 142, 173, 119, 142, 110, 83, 106, 132, 92, 61, 98, 120, 75, 44, 92, 108, 75, 51
A,51, 108, 142, 171, 119, 141, 109, 82, 106, 131, 90, 59, 96, 117, 73, 43, 91, 106, 72, 49
A,51, 107, 141, 171, 118, 141, 110, 83, 105, 131, 90, 58, 96, 118, 73, 43, 90, 106, 73, 50
A,50, 106, 141, 170, 117, 140, 111, 84, 104, 129, 90, 58, 95, 116, 74, 43, 91, 108, 76, 52
A,51, 110, 144, 175, 121, 144, 110, 83, 107, 132, 88, 58, 97, 118, 73, 42, 93, 108, 75, 50
A,51, 110, 145, 176, 121, 143, 109, 81, 107, 132, 90, 58, 98, 119, 75, 44, 94, 110, 77, 52
A,51, 109, 144, 175, 121, 146, 114, 85, 108, 134, 91, 60, 98, 121, 75, 43, 95, 109, 75, 50
A,53, 110, 147, 177, 124, 148, 113, 85, 110, 135, 92, 60, 101, 123, 76, 45, 96, 113, 78, 54
A,52, 110, 146, 176, 122, 147, 112, 84, 108, 135, 91, 60, 99, 122, 76, 44, 95, 112, 78, 54
A,52, 110, 144, 175, 121, 146, 114, 85, 109, 136, 92, 59, 99, 122, 76, 44, 96, 110, 75, 50
A,53, 112, 149, 180, 123, 148, 115, 87, 110, 136, 94, 63, 102, 124, 79, 47, 97, 113, 78, 53
A,52, 112, 149, 178, 123, 148, 114, 87, 110, 136, 94, 62, 100, 124, 78, 46, 97, 112, 77, 52
A,53, 112, 147, 177, 125, 146, 112, 84, 111, 135, 92, 59, 102, 121, 77, 44, 98, 112, 78, 53
A,50, 111, 147, 177, 123, 145, 113, 86, 110, 136, 93, 60, 100, 120, 74, 41, 98, 111, 76, 50
A,51, 110, 147, 178, 122, 147, 114, 86, 107, 136, 93, 61, 98, 122, 76, 44, 96, 112, 78, 52
A,53, 113, 150, 179, 125, 146, 111, 84, 112, 136, 92, 59, 103, 124, 76, 44, 99, 114, 78, 53
A,52, 112, 148, 177, 123, 144, 113, 84, 110, 134, 92, 59, 100, 121, 77, 44, 96, 112, 78, 53
A,49, 109, 146, 174, 121, 142, 111, 83, 108, 133, 90, 57, 99, 121, 77, 44, 96, 112, 79, 54
A,51, 112, 148, 176, 123, 143, 109, 81, 110, 133, 88, 56, 101, 121, 75, 44, 98, 111, 76, 51
A,51, 111, 149, 177, 124, 144, 110, 82, 111, 135, 90, 58, 103, 124, 77, 44, 98, 114, 79, 53
A,50, 110, 149, 179, 124, 145, 111, 82, 112, 136, 92, 58, 104, 124, 78, 45, 100, 114, 78, 52
A,50, 111, 145, 175, 125, 143, 109, 80, 112, 132, 90, 57, 104, 119, 74, 42, 100, 109, 74, 49
A,49, 107, 145, 174, 120, 141, 111, 84, 109, 131, 92, 62, 101, 120, 77, 46, 98, 112, 77, 51
A,47, 107, 144, 170, 120, 141, 109, 82, 108, 131, 90, 60, 100, 118, 74, 44, 98, 110, 73, 48
A,52, 111, 148, 177, 122, 143, 110, 81, 110, 132, 90, 58, 100, 121, 77, 45, 97, 113, 79, 53
A,52, 109, 147, 175, 122, 142, 111, 81, 110, 130, 88, 55, 102, 118, 73, 41, 100, 110, 74, 48
A,51, 110, 147, 175, 123, 143, 112, 83, 110, 129, 89, 56, 102, 117, 73, 40, 99, 108, 73, 48
A,51, 111, 147, 178, 125, 141, 108, 79, 113, 130, 86, 54, 105, 118, 72, 40, 103, 112, 76, 50
A,51, 112, 147, 178, 124, 143, 110, 81, 112, 132, 87, 55, 104, 118, 72, 39, 102, 111, 76, 50
A,53, 115, 152, 183, 126, 147, 113, 85, 115, 135, 91, 60, 107, 123, 75, 43, 104, 114, 76, 52
A,52, 113, 149, 178, 129, 144, 109, 81, 116, 131, 86, 54, 107, 116, 69, 38, 104, 112, 75, 51
A,52, 113, 150, 180, 127, 145, 110, 81, 115, 132, 87, 55, 107, 118, 71, 38, 103, 112, 75, 49
A,51, 112, 150, 183, 130, 145, 108, 79, 119, 133, 87, 54, 112, 122, 74, 42, 109, 115, 80, 55
A,51, 114, 152, 182, 127, 148, 111, 82, 115, 135, 89, 58, 106, 122, 74, 42, 102, 111, 74, 49
A,52, 115, 153, 183, 128, 149, 113, 83, 117, 137, 91, 59, 108, 124, 76, 43, 105, 115, 77, 51
A,52, 113, 151, 182, 132, 149, 114, 85, 120, 134, 90, 58, 111, 122, 75, 43, 108, 114, 78, 53
A,52, 112, 148, 181, 128, 145, 110, 81, 116, 133, 88, 57, 108, 121, 73, 42, 104, 112, 74, 49
A,52, 113, 148, 178, 127, 145, 108, 80, 115, 133, 89, 57, 107, 121, 74, 42, 103, 113, 76, 50
A,53, 115, 153, 183, 129, 147, 113, 85, 118, 135, 89, 56, 109, 120, 73, 40, 107, 113, 76, 52
A,53, 115, 152, 182, 129, 147, 111, 82, 117, 136, 90, 58, 108, 122, 73, 41, 105, 114, 76, 52
A,52, 116, 153, 183, 129, 146, 111, 82, 118, 136, 91, 59, 110, 125, 76, 43, 105, 115, 78, 53
A,51, 113, 151, 181, 127, 147, 112, 83, 116, 136, 91, 58, 108, 123, 75, 42, 106, 115, 79, 54
A,52, 114, 152, 183, 130, 149, 112, 83, 119, 136, 89, 58, 111, 124, 74, 42, 107, 114, 76, 53
A,53, 115, 152, 183, 130, 149, 112, 83, 119, 136, 90, 58, 110, 125, 76, 43, 106, 114, 77, 52
A,54, 117, 154, 185, 132, 150, 112, 82, 119, 137, 91, 60, 111, 124, 73, 41, 108, 113, 75, 51
A,53, 116, 155, 186, 133, 151, 112, 82, 122, 138, 89, 55, 114, 124, 73, 39, 110, 113, 75, 51
A,54, 118, 155, 187, 133, 153, 114, 84, 121, 138, 90, 58, 114, 125, 75, 43, 110, 115, 76, 52
A,55, 117, 154, 186, 135, 151, 114, 83, 125, 138, 92, 57, 117, 123, 75, 42, 113, 115, 78, 53
A,54, 118, 157, 187, 136, 152, 114, 82, 125, 138, 90, 57, 117, 124, 75, 43, 113, 114, 76, 53
A,54, 117, 154, 184, 135, 150, 115, 85, 124, 136, 91, 58, 115, 124, 75, 42, 112, 114, 78, 53
A,53, 118, 156, 185, 135, 149, 113, 85, 124, 135, 89, 57, 116, 122, 74, 42, 112, 113, 76, 52
A,54, 117, 156, 187, 134, 151, 113, 84, 123, 139, 91, 58, 115, 126, 76, 44, 111, 114, 77, 53
A,54, 119, 156, 188, 134, 153, 115, 85, 123, 141, 94, 60, 114, 129, 80, 45, 111, 120, 81, 56
A,53, 118, 155, 187, 135, 152, 115, 85, 124, 140, 91, 58, 115, 128, 80, 47, 111, 118, 79, 55
A,53, 117, 154, 185, 138, 151, 113, 83, 126, 136, 89, 56, 117, 125, 76, 46, 112, 116, 78, 55
A,54, 115, 153, 183, 131, 147, 111, 81, 119, 135, 89, 57, 112, 122, 74, 43, 108, 116, 78, 55
A,52, 113, 150, 180, 130, 145, 108, 78, 119, 134, 88, 55, 111, 123, 74, 41, 107, 115, 77, 52
A,53, 114, 150, 181, 132, 148, 112, 83, 122, 134, 88, 57, 114, 122, 74, 42, 109, 112, 75, 51
A,54, 116, 152, 183, 133, 149, 113, 82, 123, 135, 89, 58, 115, 123, 76, 44, 110, 113, 76, 52
A,52, 114, 151, 181, 132, 150, 111, 82, 120, 136, 89, 58, 112, 125, 77, 47, 108, 116, 80, 58
A,51, 113, 150, 180, 132, 149, 109, 79, 121, 134, 87, 55, 114, 123, 75, 44, 109, 113, 77, 54
A,53, 114, 149, 179, 129, 147, 109, 80, 118, 134, 88, 57, 111, 122, 75, 44, 107, 114, 78, 54
B,57, 118, 137, 127, 162, 215, 248, 277, 160, 222, 262, 294, 150, 210, 248, 280, 134, 178, 207, 233
B,56, 117, 138, 129, 162, 217, 250, 277, 160, 222, 263, 295, 150, 210, 246, 277, 134, 178, 206, 232
B,56, 117, 135, 127, 162, 217, 249, 277, 160, 222, 263, 296, 149, 210, 248, 280, 133, 178, 207, 233
B,57, 119, 136, 126, 163, 217, 249, 278, 160, 223, 263, 296, 150, 210, 248, 279, 134, 179, 207, 233
B,57, 118, 137, 128, 163, 218, 250, 278, 160, 223, 263, 295, 151, 209, 247, 276, 135, 179, 208, 234
B,58, 118, 136, 129, 163, 218, 251, 279, 161, 223, 264, 297, 152, 211, 248, 278, 136, 179, 207, 233
B,59, 117, 136, 128, 164, 218, 250, 278, 161, 222, 262, 295, 150, 210, 248, 278, 135, 179, 208, 234
B,55, 114, 133, 133, 163, 218, 251, 280, 161, 223, 264, 296, 152, 213, 251, 282, 138, 182, 210, 237
B,56, 116, 133, 125, 164, 219, 254, 283, 162, 225, 267, 300, 152, 213, 251, 282, 135, 180, 208, 235
B,55, 114, 134, 127, 165, 222, 256, 287, 164, 229, 271, 305, 155, 216, 256, 288, 139, 184, 214, 241
B,56, 116, 133, 128, 166, 223, 257, 287, 164, 229, 271, 305, 154, 216, 255, 287, 138, 183, 213, 241
B,55, 113, 132, 130, 166, 223, 257, 287, 164, 230, 272, 307, 155, 217, 256, 289, 138, 184, 213, 242
B,55, 115, 133, 127, 168, 226, 261, 292, 167, 233, 276, 312, 157, 220, 260, 293, 141, 187, 217, 244
B,56, 117, 137, 129, 171, 229, 265, 296, 169, 236, 279, 315, 159, 222, 262, 296, 142, 188, 219, 247
B,58, 119, 137, 128, 174, 232, 268, 299, 171, 239, 283, 318, 161, 225, 266, 300, 144, 189, 219, 247
B,59, 122, 140, 130, 177, 236, 270, 303, 175, 242, 284, 321, 163, 228, 269, 305, 145, 193, 224, 254
B,59, 121, 138, 129, 176, 235, 270, 302, 173, 242, 285, 322, 163, 228, 269, 304, 145, 193, 224, 254
B,59, 121, 138, 130, 176, 235, 272, 303, 174, 241, 284, 322, 163, 227, 269, 304, 146, 193, 225, 254
B,46, 95, 109, 104, 145, 202, 242, 273, 144, 211, 257, 292, 136, 201, 242, 276, 125, 172, 202, 229
B,58, 121, 138, 129, 177, 237, 272, 303, 175, 242, 287, 323, 164, 229, 271, 306, 146, 193, 224, 254
B,58, 120, 139, 134, 177, 237, 272, 304, 175, 243, 286, 323, 164, 228, 270, 304, 147, 194, 225, 254
B,59, 122, 140, 132, 177, 239, 274, 305, 175, 244, 288, 323, 164, 230, 270, 303, 147, 193, 224, 253
B,59, 121, 138, 131, 177, 238, 273, 304, 175, 243, 288, 324, 164, 230, 271, 304, 147, 193, 224, 253
B,60, 123, 143, 134, 178, 239, 273, 303, 176, 243, 286, 321, 166, 230, 271, 304, 148, 195, 226, 254
B,60, 123, 142, 130, 173, 233, 267, 298, 171, 239, 281, 315, 162, 225, 264, 295, 146, 192, 221, 248
B,57, 119, 137, 128, 170, 229, 263, 292, 168, 234, 276, 311, 158, 221, 261, 294, 141, 188, 218, 247
B,57, 118, 138, 129, 170, 229, 263, 293, 169, 235, 277, 312, 159, 222, 262, 296, 143, 189, 220, 248
B,57, 119, 137, 128, 171, 228, 262, 292, 168, 235, 277, 311, 158, 221, 262, 296, 141, 188, 219, 247
B,57, 118, 138, 129, 168, 226, 261, 289, 166, 232, 274, 308, 157, 218, 258, 290, 141, 185, 214, 241
B,57, 118, 137, 128, 168, 226, 260, 289, 166, 231, 274, 308, 157, 219, 260, 293, 141, 188, 219, 246
B,56, 117, 137, 132, 167, 223, 257, 288, 166, 230, 273, 307, 157, 219, 258, 292, 142, 186, 215, 243
B,55, 115, 136, 133, 165, 222, 256, 286, 163, 228, 270, 304, 155, 216, 255, 287, 140, 185, 214, 240
B,54, 113, 133, 130, 165, 222, 256, 284, 163, 226, 268, 302, 155, 216, 254, 286, 141, 186, 214, 241
B,54, 112, 130, 131, 162, 218, 252, 282, 159, 223, 265, 299, 151, 212, 251, 283, 136, 182, 211, 238
B,53, 111, 130, 131, 162, 218, 252, 283, 158, 223, 266, 301, 149, 210, 249, 282, 134, 180, 209, 237
B,53, 109, 128, 128, 162, 217, 252, 281, 159, 223, 265, 300, 149, 211, 251, 284, 134, 180, 209, 236
B,54, 109, 128, 124, 160, 218, 252, 281, 156, 221, 265, 300, 147, 208, 248, 282, 132, 177, 207, 235
B,53, 111, 130, 127, 162, 218, 253, 284, 159, 224, 267, 302, 150, 211, 252, 285, 134, 180, 209, 238
B,54, 112, 130, 128, 163, 219, 254, 284, 160, 225, 267, 302, 150, 212, 252, 286, 136, 182, 211, 240
B,55, 113, 126, 122, 163, 219, 254, 283, 160, 224, 266, 300, 150, 212, 253, 286, 134, 181, 211, 239
B,56, 114, 130, 124, 162, 218, 251, 280, 159, 225, 266, 299, 151, 213, 253, 286, 136, 182, 211, 238
B,55, 111, 128, 129, 161, 217, 251, 280, 158, 223, 265, 299, 150, 212, 251, 283, 136, 182, 212, 240
B,54, 109, 125, 121, 157, 213, 246, 275, 154, 218, 260, 293, 146, 207, 247, 280, 130, 174, 203, 230
B,54, 112, 131, 128, 160, 216, 249, 278, 157, 221, 262, 295, 149, 209, 248, 280, 134, 178, 207, 233
B,53, 110, 128, 127, 158, 214, 247, 277, 156, 220, 263, 297, 147, 208, 247, 278, 132, 177, 207, 234
B,55, 114, 132, 127, 162, 216, 250, 279, 158, 222, 264, 297, 148, 208, 248, 280, 132, 176, 205, 231
B,55, 113, 131, 124, 160, 215, 247, 277, 156, 220, 262, 296, 146, 208, 247, 279, 130, 174, 203, 229
B,57, 115, 129, 121, 159, 213, 245, 274, 155, 219, 261, 293, 146, 207, 246, 279, 130, 174, 203, 230
B,58, 115, 129, 118, 160, 215, 246, 275, 157, 220, 261, 294, 148, 208, 246, 278, 131, 175, 203, 230
B,57, 115, 132, 125, 162, 216, 248, 276, 158, 220, 260, 293, 148, 207, 245, 276, 132, 176, 205, 232
B,54, 112, 131, 125, 160, 213, 245, 273, 156, 219, 260, 293, 147, 207, 245, 276, 131, 175, 203, 229
B,54, 111, 128, 123, 156, 211, 243, 272, 152, 214, 256, 290, 143, 202, 240, 271, 129, 173, 202, 230
B,55, 112, 129, 120, 155, 208, 241, 269, 152, 214, 255, 287, 143, 203, 240, 270, 129, 173, 201, 228
B,54, 113, 128, 118, 156, 208, 240, 269, 152, 213, 254, 286, 143, 202, 239, 269, 128, 173, 202, 228
B,56, 114, 132, 121, 158, 210, 244, 271, 155, 215, 255, 287, 144, 203, 240, 270, 129, 173, 202, 229
B,55, 112, 130, 120, 158, 211, 244, 271, 154, 215, 256, 289, 145, 204, 241, 272, 128, 174, 203, 231
B,54, 111, 127, 121, 156, 208, 240, 269, 153, 214, 254, 287, 144, 203, 240, 270, 129, 174, 203, 230
B,56, 114, 132, 122, 156, 210, 244, 272, 153, 215, 255, 288, 144, 203, 240, 271, 128, 172, 202, 228
B,47, 88, 104, 100, 127, 178, 213, 242, 122, 185, 229, 262, 113, 173, 214, 246, 103, 148, 177, 203
B,53, 110, 128, 121, 156, 209, 242, 270, 153, 214, 255, 288, 144, 203, 240, 270, 129, 174, 203, 229
B,51, 106, 124, 119, 155, 207, 239, 268, 152, 213, 254, 287, 143, 202, 239, 269, 128, 173, 201, 229
B,47, 89, 101, 95, 124, 174, 210, 240, 121, 181, 222, 255, 114, 172, 210, 241, 104, 146, 174, 199
B,52, 109, 128, 119, 155, 207, 240, 268, 152, 214, 255, 289, 143, 203, 241, 272, 129, 174, 202, 229
B,53, 109, 128, 124, 153, 206, 240, 268, 151, 213, 254, 287, 143, 202, 239, 270, 129, 173, 202, 229
B,52, 108, 129, 123, 153, 206, 239, 268, 150, 212, 253, 286, 142, 202, 239, 270, 128, 173, 202, 229
B,52, 109, 127, 121, 154, 207, 239, 268, 151, 212, 252, 285, 142, 201, 238, 268, 128, 172, 200, 227
B,53, 111, 127, 120, 155, 207, 239, 267, 151, 212, 252, 284, 142, 200, 237, 267, 127, 170, 198, 223
B,53, 110, 127, 120, 155, 208, 240, 268, 151, 212, 253, 285, 142, 201, 239, 269, 127, 171, 200, 227
B,53, 109, 126, 118, 154, 207, 239, 266, 151, 213, 252, 283, 142, 201, 237, 268, 127, 169, 198, 223
B,53, 110, 129, 122, 156, 207, 238, 266, 151, 212, 252, 284, 142, 200, 236, 267, 126, 169, 198, 225
B,53, 108, 127, 122, 154, 206, 238, 265, 151, 211, 252, 283, 141, 200, 237, 267, 126, 170, 198, 225
B,52, 107, 126, 119, 155, 207, 238, 265, 151, 212, 252, 284, 141, 200, 237, 267, 126, 169, 197, 224
B,52, 109, 129, 122, 155, 206, 237, 264, 151, 212, 252, 283, 142, 201, 238, 268, 126, 170, 199, 225
B,52, 109, 126, 120, 155, 206, 237, 264, 151, 211, 251, 283, 141, 199, 236, 266, 126, 170, 198, 225
B,52, 108, 126, 120, 154, 206, 237, 264, 150, 211, 251, 283, 141, 199, 236, 266, 126, 169, 198, 225
B,51, 108, 128, 124, 154, 205, 237, 263, 151, 212, 251, 283, 142, 200, 237, 267, 127, 171, 198, 224
B,52, 109, 127, 122, 153, 205, 236, 264, 150, 211, 251, 283, 141, 199, 236, 266, 126, 170, 198, 225
B,52, 108, 127, 121, 154, 206, 237, 265, 151, 211, 252, 284, 142, 200, 236, 266, 127, 171, 199, 225
B,53, 107, 123, 120, 152, 204, 236, 264, 149, 210, 250, 282, 141, 199, 236, 265, 127, 171, 199, 224
B,51, 108, 127, 124, 154, 206, 237, 264, 151, 212, 252, 284, 143, 201, 237, 267, 128, 172, 200, 225
B,51, 108, 128, 124, 153, 206, 237, 264, 150, 211, 252, 284, 142, 200, 237, 267, 127, 172, 200, 225
B,52, 108, 125, 119, 154, 206, 237, 265, 151, 212, 252, 284, 142, 201, 237, 267, 128, 171, 199, 225
B,53, 111, 129, 122, 156, 207, 238, 265, 152, 212, 252, 284, 143, 201, 238, 268, 128, 172, 201, 227
B,51, 106, 124, 120, 152, 204, 236, 263, 148, 210, 250, 282, 139, 198, 235, 265, 124, 168, 196, 224
B,53, 110, 125, 116, 153, 204, 236, 263, 150, 209, 249, 281, 139, 197, 234, 264, 124, 167, 197, 223
B,53, 110, 125, 117, 153, 205, 237, 264, 149, 209, 249, 281, 139, 197, 234, 264, 123, 167, 196, 222
B,53, 109, 125, 117, 151, 204, 237, 265, 148, 209, 249, 282, 139, 197, 234, 264, 124, 168, 197, 222
B,52, 108, 124, 119, 154, 206, 239, 267, 150, 211, 251, 284, 141, 199, 236, 266, 125, 170, 199, 226
B,53, 109, 127, 120, 154, 207, 240, 269, 151, 211, 252, 285, 141, 200, 237, 267, 126, 170, 200, 226
B,53, 108, 124, 115, 151, 204, 237, 266, 148, 209, 250, 283, 139, 197, 234, 266, 123, 167, 196, 222
B,54, 111, 128, 118, 152, 204, 236, 264, 149, 209, 249, 280, 140, 197, 234, 265, 125, 168, 197, 224
B,53, 112, 129, 119, 153, 204, 236, 264, 150, 210, 250, 281, 141, 199, 236, 266, 126, 170, 199, 226
B,52, 109, 130, 118, 151, 203, 234, 262, 149, 208, 248, 279, 140, 197, 233, 264, 126, 169, 197, 224
B,54, 112, 131, 120, 151, 203, 233, 262, 149, 208, 246, 279, 139, 196, 233, 264, 125, 169, 197, 223
B,52, 110, 130, 118, 150, 200, 231, 258, 147, 206, 244, 276, 139, 196, 232, 262, 124, 168, 197, 222
B,52, 108, 131, 124, 150, 201, 232, 259, 148, 207, 244, 276, 139, 196, 231, 261, 125, 168, 195, 222
B,52, 109, 130, 118, 148, 197, 227, 253, 146, 203, 240, 272, 137, 193, 228, 257, 124, 166, 193, 219
B,52, 108, 128, 117, 145, 193, 222, 250, 143, 199, 237, 268, 134, 189, 224, 253, 121, 163, 189, 215
B,52, 108, 127, 118, 146, 195, 224, 251, 144, 200, 237, 267, 135, 190, 224, 253, 121, 164, 191, 216
B,52, 107, 128, 119, 146, 195, 226, 252, 144, 201, 238, 268, 135, 190, 225, 254, 122, 163, 190, 216
B,50, 106, 127, 121, 146, 196, 227, 254, 143, 202, 240, 271, 136, 192, 227, 256, 123, 165, 193, 217
B,53, 108, 127, 123, 148, 199, 230, 258, 145, 204, 243, 274, 137, 193, 230, 259, 123, 166, 193, 218
B,54, 110, 129, 123, 151, 203, 234, 262, 149, 209, 248, 278, 140, 196, 233, 264, 124, 167, 195, 221
B,53, 110, 131, 124, 153, 205, 236, 264, 151, 211, 250, 282, 141, 199, 236, 267, 125, 168, 196, 223
B,55, 112, 133, 125, 156, 208, 239, 268, 152, 213, 253, 286, 141, 200, 238, 269, 123, 168, 197, 223
B,55, 112, 131, 122, 158, 210, 240, 268, 154, 215, 254, 286, 144, 202, 240, 272, 126, 171, 200, 227
B,54, 111, 133, 122, 157, 210, 243, 270, 155, 216, 256, 287, 144, 202, 240, 272, 126, 171, 200, 227
B,53, 111, 132, 120, 159, 212, 243, 271, 155, 217, 256, 289, 144, 203, 242, 274, 126, 171, 200, 228
B,53, 110, 131, 124, 158, 211, 244, 272, 155, 216, 257, 290, 144, 204, 242, 274, 126, 170, 201, 228
B,55, 113, 131, 120, 159, 213, 245, 273, 155, 219, 259, 290, 144, 205, 245, 277, 126, 171, 201, 229
B,55, 114, 133, 121, 159, 212, 244, 272, 155, 218, 258, 292, 144, 205, 243, 275, 126, 171, 201, 229
B,55, 114, 134, 121, 159, 212, 244, 272, 155, 218, 259, 293, 144, 205, 244, 277, 126, 173, 203, 232
B,54, 112, 132, 118, 159, 215, 247, 275, 156, 220, 261, 294, 146, 207, 246, 279, 128, 173, 204, 232
B,54, 113, 133, 120, 160, 215, 249, 278, 156, 221, 263, 296, 145, 208, 247, 281, 127, 173, 205, 233